學年度,縣市代碼,縣市名稱,鄉鎮市區,Mao,學校代碼,偏遠程度,學校名稱,1年級班級數,2年級班級數,3年級班級數,4年級班級數,5年級班級數,6年級班級數,1年級男學生數,1年級女學生數,2年級男學生數,2年級女學生數,3年級男學生數,3年級女學生數,4年級男學生數,4年級女學生數,5年級男學生數,5年級女學生數,6年級男學生數,6年級女學生數,上學年男畢業生,上學年女畢業生,男專任教師,女專任教師,男職員,女職員
114,12,高雄市,楠梓區,811,120320,0,國立高科實中附設國小,3,0,0,0,0,0,35,32,0,0,0,0,0,0,0,0,0,0,0,0,0,6,0,1
114,12,高雄市,前鎮區,806,121302,0,私立光禾華德福實驗學校(國小部),1,1,1,1,1,1,5,5,3,6,3,4,7,3,5,12,5,3,7,4,1,11,1,2
114,12,高雄市,大樹區,840,121320,0,私立義大國際高中附設國小部,2,2,1,2,2,2,22,16,19,14,8,13,18,21,30,16,18,22,27,22,2,11,0,4
114,12,高雄市,鳳山區,830,124601,0,市立鳳山國小,4,3,5,4,4,4,37,29,48,38,67,44,44,39,46,45,39,46,52,53,9,37,1,3
114,12,高雄市,鳳山區,830,124602,0,市立大東國小,2,2,2,2,1,2,15,15,21,16,22,14,17,18,13,14,18,19,15,17,8,13,1,2
114,12,高雄市,鳳山區,830,124603,0,市立文山國小,2,2,3,5,4,3,24,20,25,32,38,29,37,41,39,50,42,42,39,46,9,31,0,3
114,12,高雄市,鳳山區,830,124604,0,市立鳳山區中正國小,6,6,8,8,6,6,88,73,87,86,93,87,94,97,94,73,87,82,101,92,19,52,2,2
114,12,高雄市,鳳山區,830,124605,0,市立五甲國小,2,1,2,3,2,2,17,17,12,15,24,28,27,15,30,13,14,20,29,20,7,15,1,3
114,12,高雄市,鳳山區,830,124606,0,市立曹公國小,2,2,3,2,2,2,22,5,24,25,26,32,23,22,25,15,23,21,10,25,9,19,1,2
114,12,高雄市,鳳山區,830,124607,0,市立誠正國小,2,2,1,1,1,1,16,12,18,9,7,9,10,8,12,8,15,12,6,11,4,12,0,2
114,12,高雄市,鳳山區,830,124608,0,市立南成國小,5,6,6,6,8,7,70,69,78,77,81,85,85,83,114,83,75,90,112,116,21,47,1,3
114,12,高雄市,鳳山區,830,124609,0,市立五福國小,6,6,7,8,9,7,91,81,91,79,98,92,103,101,114,97,88,103,83,103,23,54,3,2
114,12,高雄市,鳳山區,830,124610,0,市立鳳山區中山國小,3,5,3,4,3,4,43,42,52,40,37,39,53,53,44,38,61,44,46,37,6,35,0,4
114,12,高雄市,鳳山區,830,124611,0,市立新甲國小,11,12,11,13,13,13,140,143,144,173,176,140,202,160,175,180,194,168,195,197,23,102,1,6
114,12,高雄市,鳳山區,830,124612,0,市立鳳山區忠孝國小,5,5,5,4,5,6,70,48,65,57,74,57,48,53,61,63,83,61,61,68,12,46,2,4
114,12,高雄市,林園區,832,124613,0,市立林園國小,8,10,9,9,9,9,106,123,136,111,133,116,127,130,135,117,143,114,119,139,26,69,2,3
114,12,高雄市,林園區,832,124614,0,市立中芸國小,2,2,2,2,4,3,20,20,23,24,14,18,21,12,22,24,21,28,18,24,7,23,1,3
114,12,高雄市,林園區,832,124615,0,市立港埔國小,2,2,2,2,2,2,13,24,13,15,26,13,18,15,16,21,19,19,25,20,6,16,1,3
114,12,高雄市,林園區,832,124616,0,市立金潭國小,1,2,2,2,2,2,11,11,19,14,24,15,25,14,24,20,21,12,32,22,8,12,1,2
114,12,高雄市,林園區,832,124617,1,市立汕尾國小,1,1,1,1,1,1,6,8,6,12,8,8,6,8,8,5,10,8,4,5,5,8,0,2
114,12,高雄市,大寮區,831,124618,0,市立永芳國小,9,8,8,9,8,8,104,106,117,109,120,107,130,110,124,107,114,111,142,125,28,60,1,6
114,12,高雄市,大寮區,831,124619,0,市立翁園國小,3,2,3,3,3,2,40,28,22,25,37,34,30,28,30,35,34,18,29,35,10,18,1,2
114,12,高雄市,大寮區,831,124620,0,市立忠義國小,3,3,3,3,3,3,24,32,39,34,49,28,42,24,47,35,31,23,27,26,10,24,2,1
114,12,高雄市,大寮區,831,124621,0,市立昭明國小,3,2,2,3,3,2,25,32,22,23,25,28,28,31,37,27,21,12,32,24,14,13,2,2
114,12,高雄市,大寮區,831,124622,0,市立潮寮國小,2,1,1,1,1,1,14,20,13,12,11,12,6,19,14,11,16,12,8,9,3,13,0,2
114,12,高雄市,大寮區,831,124623,0,市立中庄國小,6,6,6,6,6,6,84,69,76,78,96,56,92,76,71,83,65,76,70,70,20,43,2,2
114,12,高雄市,大寮區,831,124624,0,市立溪寮國小,1,1,1,1,1,1,3,6,4,6,5,9,5,4,9,5,5,6,6,2,5,6,0,2
114,12,高雄市,大寮區,831,124625,0,市立大寮國小,4,4,4,5,4,4,49,61,51,34,56,57,60,55,54,52,57,48,49,62,14,33,2,2
114,12,高雄市,大樹區,840,124626,1,市立大樹國小,2,3,3,3,3,3,28,18,28,25,32,30,26,33,38,30,24,35,37,36,5,29,1,3
114,12,高雄市,大樹區,840,124627,0,市立九曲國小,5,4,4,4,4,4,45,54,47,56,48,54,54,43,59,47,44,50,53,42,16,29,1,3
114,12,高雄市,大樹區,840,124628,1,市立溪埔國小,1,1,2,2,1,1,8,7,13,5,13,16,16,11,11,14,6,14,9,13,6,9,2,0
114,12,高雄市,大樹區,840,124629,1,市立姑山國小,1,1,1,1,1,1,3,5,5,5,3,1,6,2,6,6,6,1,5,5,2,9,0,2
114,12,高雄市,大樹區,840,124630,1,市立水寮國小,2,2,2,2,2,2,19,19,17,14,15,20,16,19,23,17,24,21,20,22,6,13,0,3
114,12,高雄市,大樹區,840,124631,0,市立小坪國小,1,1,1,1,1,1,2,1,3,0,2,6,1,4,7,3,4,3,7,5,5,7,0,2
114,12,高雄市,大樹區,840,124632,2,市立興田國小,1,1,1,1,1,1,1,0,5,3,5,2,2,2,6,4,1,0,7,3,4,7,0,3
114,12,高雄市,大樹區,840,124633,2,市立龍目國小,1,1,1,1,1,1,5,2,5,3,1,4,2,1,5,1,3,1,2,4,6,11,0,3
114,12,高雄市,仁武區,814,124634,0,市立仁武國小,6,7,8,8,7,7,96,72,91,89,104,89,118,82,90,90,104,87,98,111,19,56,1,3
114,12,高雄市,仁武區,814,124635,0,市立烏林國小,1,1,1,1,1,1,12,9,4,5,5,7,8,14,9,7,6,5,5,14,6,9,1,3
114,12,高雄市,仁武區,814,124636,0,市立八卦國小,6,6,6,6,7,6,75,92,73,81,90,76,88,81,87,98,74,87,93,73,13,52,1,4
114,12,高雄市,仁武區,814,124637,0,市立灣內國小,5,5,5,5,3,3,69,71,85,59,64,66,71,63,45,26,34,29,19,30,14,31,1,2
114,12,高雄市,大社區,815,124638,0,市立大社區大社國小,4,5,5,5,5,4,58,49,65,72,56,53,66,64,64,70,66,49,69,45,11,39,0,4
114,12,高雄市,大社區,815,124639,2,市立嘉誠國小,1,1,1,1,1,1,2,6,9,3,4,3,3,7,8,7,9,9,10,12,6,8,0,2
114,12,高雄市,鳥松區,833,124640,0,市立鳥松國小,4,3,4,4,4,5,46,41,44,40,54,40,59,38,55,33,68,54,52,42,13,30,0,4
114,12,高雄市,鳥松區,833,124641,1,市立仁美國小,3,3,4,4,4,4,43,37,42,33,56,39,47,53,44,45,57,39,63,43,9,31,2,2
114,12,高雄市,鳥松區,833,124642,0,市立大華國小,4,4,4,5,5,4,42,51,42,57,57,52,53,56,62,55,40,45,42,60,15,34,2,2
114,12,高雄市,岡山區,820,124643,0,市立岡山國小,5,5,6,5,6,6,48,37,63,48,62,58,55,55,74,68,65,55,64,54,12,48,0,3
114,12,高雄市,岡山區,820,124644,0,市立前峰國小,6,5,5,6,5,4,71,66,66,74,73,74,79,65,80,66,67,42,77,69,16,45,0,4
114,12,高雄市,岡山區,820,124645,0,市立嘉興國小,2,2,3,2,3,2,25,28,25,26,33,25,29,28,32,28,24,26,29,34,10,16,2,2
114,12,高雄市,岡山區,820,124646,0,市立兆湘國小,2,2,2,2,2,2,19,25,17,18,26,17,20,15,31,16,29,16,26,20,5,18,0,4
114,12,高雄市,岡山區,820,124647,0,市立後紅國小,3,3,3,3,4,2,27,34,43,42,37,34,27,36,38,48,32,24,49,25,7,27,0,2
114,12,高雄市,岡山區,820,124648,0,市立和平國小,2,1,1,1,1,1,16,9,13,17,15,16,12,14,9,16,10,5,10,5,4,10,0,2
114,12,高雄市,橋頭區,825,124650,0,市立仕隆國小,3,3,3,4,5,3,43,41,50,30,40,39,42,45,53,46,34,40,46,32,11,29,0,4
114,12,高雄市,橋頭區,825,124651,0,市立五林國小,2,2,2,2,2,2,18,23,23,20,25,22,21,24,22,18,23,19,23,24,8,11,0,3
114,12,高雄市,橋頭區,825,124652,1,市立甲圍國小,2,2,1,1,1,1,13,19,13,13,11,6,15,10,10,8,7,13,9,9,2,14,1,1
114,12,高雄市,橋頭區,825,124653,0,市立興糖國小,2,2,3,3,3,2,34,21,26,22,41,43,39,39,45,39,41,31,40,45,10,17,0,3
114,12,高雄市,燕巢區,824,124654,1,市立燕巢國小,4,4,4,4,4,4,38,34,35,31,31,32,41,25,48,38,41,35,35,38,13,29,1,3
114,12,高雄市,燕巢區,824,124655,1,市立橫山國小,1,1,1,1,1,1,1,2,10,7,10,12,10,11,10,8,4,13,8,9,8,6,0,3
114,12,高雄市,燕巢區,824,124656,2,市立深水國小,1,1,1,1,1,1,2,3,2,0,2,1,3,1,3,2,2,2,3,2,3,8,1,1
114,12,高雄市,燕巢區,824,124657,1,市立安招國小,2,2,2,2,2,2,22,10,18,21,19,27,18,14,26,27,23,24,29,24,7,13,2,2
114,12,高雄市,燕巢區,824,124658,1,市立鳳雄國小,1,1,1,1,1,1,9,5,4,5,8,9,14,5,9,10,14,1,12,3,4,7,0,3
114,12,高雄市,燕巢區,824,124659,2,市立金山國小,1,1,1,1,1,1,3,1,4,5,6,4,1,6,6,8,5,7,2,9,4,9,0,2
114,12,高雄市,田寮區,823,124660,2,市立田寮區新興國小,1,1,1,1,1,1,5,2,6,2,2,3,2,5,5,6,2,4,3,3,1,12,0,2
114,12,高雄市,田寮區,823,124661,2,市立崇德國小,1,1,1,1,1,1,6,4,1,4,2,6,6,2,3,5,2,4,9,3,4,9,1,3
114,12,高雄市,阿蓮區,822,124664,1,市立阿蓮國小,7,7,7,8,8,7,75,75,81,72,81,79,91,77,96,82,81,79,78,83,24,56,0,3
114,12,高雄市,阿蓮區,822,124665,1,市立中路國小,1,1,1,1,1,1,6,8,7,9,7,11,9,9,7,7,13,9,11,13,7,7,0,3
114,12,高雄市,阿蓮區,822,124666,2,市立復安國小,1,1,1,1,1,1,11,4,2,5,6,5,9,7,7,6,10,8,7,8,6,8,1,2
114,12,高雄市,路竹區,821,124667,1,市立路竹國小,5,6,7,6,6,7,67,66,73,77,86,64,93,72,91,73,97,91,88,98,23,44,1,4
114,12,高雄市,路竹區,821,124668,1,市立路竹區大社國小,2,1,1,2,1,2,16,15,16,9,7,19,24,16,14,12,22,17,7,5,3,13,0,4
114,12,高雄市,路竹區,821,124669,1,市立下坑國小,1,2,1,1,1,1,16,10,16,13,11,11,16,9,10,12,12,4,12,13,7,6,1,2
114,12,高雄市,路竹區,821,124670,1,市立竹滬國小,1,2,2,2,2,2,15,11,13,27,19,18,24,18,22,23,19,21,22,17,7,14,1,4
114,12,高雄市,路竹區,821,124671,2,市立三埤國小,1,1,1,1,1,1,3,1,1,3,4,2,5,4,7,4,5,5,6,3,5,8,0,2
114,12,高雄市,路竹區,821,124672,2,市立北嶺國小,1,1,1,1,1,1,9,7,4,6,3,3,9,6,5,3,5,6,5,1,8,8,1,1
114,12,高雄市,路竹區,821,124673,1,市立一甲國小,2,2,2,2,2,3,26,17,25,23,27,31,32,22,25,28,29,31,27,18,9,15,1,2
114,12,高雄市,湖內區,829,124674,1,市立文賢國小,2,1,2,3,2,2,28,12,14,8,20,16,22,16,20,18,19,17,24,20,9,15,2,2
114,12,高雄市,湖內區,829,124675,1,市立明宗國小,3,3,3,3,3,3,37,31,39,42,46,39,37,48,36,41,31,28,35,46,12,18,1,3
114,12,高雄市,湖內區,829,124676,1,市立大湖國小,2,2,3,2,3,2,21,17,27,25,24,31,21,25,42,21,27,29,33,35,9,17,0,4
114,12,高雄市,湖內區,829,124677,1,市立海埔國小,1,1,1,1,1,1,4,2,4,3,8,5,8,8,12,10,7,6,7,8,4,7,0,2
114,12,高雄市,湖內區,829,124678,2,市立三侯國小,1,1,1,1,1,1,1,4,6,3,8,2,6,4,7,6,3,6,7,9,7,6,0,2
114,12,高雄市,茄萣區,852,124679,1,市立茄萣國小,4,4,4,4,5,4,42,50,40,46,51,49,49,57,57,52,51,46,56,45,17,27,2,2
114,12,高雄市,茄萣區,852,124680,1,市立茄萣區成功國小,1,2,2,1,2,2,17,9,18,9,6,21,7,13,20,11,13,17,25,12,6,12,1,3
114,12,高雄市,茄萣區,852,124681,1,市立砂崙國小,1,1,1,2,1,2,9,11,11,15,12,14,22,8,11,7,18,14,9,18,7,7,1,1
114,12,高雄市,永安區,828,124682,1,市立永安國小,1,1,2,2,2,2,13,13,7,16,17,16,18,12,25,12,15,20,19,19,8,11,1,3
114,12,高雄市,永安區,828,124683,2,市立新港國小,1,1,1,1,1,1,1,3,3,2,4,4,3,6,6,2,3,1,3,2,6,7,0,2
114,12,高雄市,彌陀區,827,124684,1,市立彌陀國小,2,3,3,3,3,4,28,25,28,28,34,37,29,43,33,35,41,48,36,38,15,20,1,4
114,12,高雄市,彌陀區,827,124685,1,市立南安國小,2,2,2,2,2,2,16,15,21,11,10,19,28,23,19,15,17,18,12,17,8,11,0,4
114,12,高雄市,彌陀區,827,124686,2,市立壽齡國小,1,1,1,1,1,1,7,7,8,6,5,8,5,6,13,3,9,8,13,9,7,7,0,2
114,12,高雄市,梓官區,826,124687,1,市立梓官國小,5,6,5,6,6,5,71,58,65,60,71,69,74,68,83,81,69,58,86,75,18,43,0,2
114,12,高雄市,梓官區,826,124688,1,市立蚵寮國小,3,3,4,3,3,3,32,47,42,38,48,38,44,37,37,42,31,33,32,36,13,21,1,3
114,12,高雄市,旗山區,842,124689,1,市立旗山國小,4,4,4,5,4,4,52,46,49,56,56,46,78,58,42,54,41,55,50,52,11,37,2,2
114,12,高雄市,旗山區,842,124690,1,市立溪洲國小,1,1,1,1,2,1,10,9,7,5,4,10,8,5,11,12,10,10,7,9,4,9,0,3
114,12,高雄市,旗山區,842,124691,1,市立旗山區鼓山國小,3,3,4,3,4,3,41,37,41,30,45,42,49,22,40,33,35,27,41,38,14,27,0,3
114,12,高雄市,旗山區,842,124692,2,市立圓潭國小,1,1,1,1,1,1,9,7,9,6,5,9,2,8,12,7,5,9,8,8,3,12,1,3
114,12,高雄市,旗山區,842,124693,1,市立旗尾國小,1,1,1,1,1,1,7,7,5,7,7,10,4,6,6,8,6,7,8,16,3,8,0,3
114,12,高雄市,旗山區,842,124694,2,市立嶺口國小,1,1,1,1,1,1,3,4,4,3,2,4,6,1,1,1,6,3,5,2,6,7,1,1
114,12,高雄市,美濃區,843,124697,1,市立美濃國小,3,4,3,3,3,3,28,31,32,37,38,27,37,30,39,33,35,30,37,19,6,30,1,2
114,12,高雄市,美濃區,843,124698,2,市立東門國小,1,1,1,1,1,1,2,5,9,6,6,2,10,5,8,6,4,4,6,6,6,7,0,2
114,12,高雄市,美濃區,843,124699,2,市立吉洋國小,1,1,1,1,1,1,4,2,4,5,5,4,7,5,10,6,7,8,9,6,6,8,2,2
114,12,高雄市,美濃區,843,124700,2,市立龍肚國小,1,1,1,1,1,1,6,3,1,4,7,7,8,3,5,7,12,3,7,6,5,10,1,3
114,12,高雄市,美濃區,843,124701,1,市立中壇國小,1,1,2,1,2,2,11,12,13,8,16,16,11,14,20,10,16,9,17,24,7,9,1,2
114,12,高雄市,美濃區,843,124702,2,市立廣興國小,2,1,2,2,2,2,8,2,1,2,8,4,5,4,12,2,6,3,2,6,10,14,0,3
114,12,高雄市,美濃區,843,124703,2,市立龍山國小,1,1,1,1,1,1,11,10,8,11,3,10,8,9,5,6,7,1,7,6,2,11,0,2
114,12,高雄市,美濃區,843,124704,2,市立福安國小,1,1,1,1,1,1,5,3,2,4,6,6,8,3,4,5,5,10,7,4,5,11,0,2
114,12,高雄市,美濃區,843,124705,2,市立吉東國小,1,1,1,1,1,1,5,4,7,8,6,6,12,7,5,12,7,8,10,9,6,10,2,1
114,12,高雄市,六龜區,844,124706,3,市立六龜國小,1,1,1,2,1,1,8,7,15,9,6,15,11,8,8,16,5,12,14,6,2,14,2,2
114,12,高雄市,六龜區,844,124707,4,市立荖濃國小,1,1,1,1,1,1,3,3,1,1,3,6,2,3,2,3,3,1,0,1,2,11,1,2
114,12,高雄市,六龜區,844,124708,3,市立新發國小,1,1,1,1,1,1,1,3,5,5,2,1,2,0,2,3,3,1,1,4,2,9,0,2
114,12,高雄市,六龜區,844,124709,3,市立龍興國小,1,1,1,1,1,1,4,6,4,2,4,6,6,4,6,5,11,6,5,7,2,13,0,2
114,12,高雄市,六龜區,844,124711,4,市立寶來國小,1,1,1,1,1,1,1,3,7,6,2,2,2,2,6,5,1,3,5,2,4,11,0,2
114,12,高雄市,杉林區,846,124712,3,市立月美國小,1,1,1,1,1,1,4,8,7,1,7,5,6,13,3,4,5,9,8,8,10,5,1,2
114,12,高雄市,杉林區,846,124713,3,市立上平國小,1,1,1,1,1,1,1,2,1,2,1,3,0,8,4,4,2,2,2,1,6,8,0,2
114,12,高雄市,杉林區,846,124714,3,市立新庄國小,1,1,1,1,1,1,4,2,4,0,2,6,3,3,5,1,9,3,3,5,6,7,1,1
114,12,高雄市,杉林區,846,124716,3,市立杉林國小,1,1,1,1,1,1,4,3,0,7,3,4,6,2,3,1,7,2,3,5,3,12,1,1
114,12,高雄市,內門區,845,124718,2,市立內門國小,1,1,2,1,1,1,13,10,6,6,6,7,6,8,4,7,7,11,9,12,5,12,0,3
114,12,高雄市,內門區,845,124719,2,市立觀亭國小,1,1,1,1,1,1,6,5,5,5,6,3,10,5,9,1,3,4,6,7,6,8,1,2
114,12,高雄市,內門區,845,124720,3,市立溝坪國小,1,1,1,1,1,1,3,2,4,4,3,3,5,3,5,4,1,4,2,2,5,8,0,3
114,12,高雄市,內門區,845,124721,3,市立金竹國小,1,1,1,1,1,1,8,5,1,8,6,3,5,5,4,4,4,4,2,2,3,10,0,2
114,12,高雄市,內門區,845,124722,3,市立木柵國小,1,1,1,1,1,1,1,4,0,1,3,3,3,3,3,4,1,0,2,0,8,5,0,2
114,12,高雄市,甲仙區,847,124725,4,市立甲仙國小,1,1,1,1,1,1,5,3,14,8,8,8,8,5,7,9,6,7,11,10,5,10,0,3
114,12,高雄市,甲仙區,847,124726,4,市立小林國小,1,1,1,1,1,1,2,1,1,1,3,2,3,0,1,1,1,5,4,1,6,4,1,1
114,12,高雄市,杉林區,846,124730,3,市立巴楠花部落國(中)小,2,1,1,1,2,1,9,7,6,10,9,5,7,5,4,12,9,7,11,10,5,12,0,0
114,12,高雄市,那瑪夏區,849,124731,4,市立民生國小,1,1,1,1,1,1,6,11,6,9,7,9,15,6,4,8,5,9,10,10,2,12,0,2
114,12,高雄市,茂林區,851,124732,3,市立茂林國小,1,1,1,1,1,1,4,3,4,1,2,5,1,2,3,1,3,2,7,2,2,14,1,2
114,12,高雄市,茂林區,851,124733,4,市立多納國小,1,1,1,1,1,1,1,4,1,4,4,5,1,3,4,4,2,0,5,3,5,7,0,2
114,12,高雄市,桃源區,848,124734,4,市立桃源國小,1,1,1,1,1,1,6,5,9,3,8,0,4,10,6,9,6,6,2,7,5,8,0,2
114,12,高雄市,桃源區,848,124735,4,市立建山國小,1,1,1,1,1,1,5,2,7,2,2,1,3,1,3,1,1,1,1,3,5,6,0,1
114,12,高雄市,桃源區,848,124736,4,市立興中國小,1,1,1,1,1,1,4,2,6,3,3,2,2,3,3,5,4,4,3,5,4,10,1,2
114,12,高雄市,桃源區,848,124737,4,市立寶山國小,1,1,1,1,1,1,0,3,1,0,1,1,1,0,2,0,0,1,0,1,5,5,0,2
114,12,高雄市,桃源區,848,124738,4,市立樟山國小,1,1,1,1,1,1,5,2,0,3,6,3,1,1,1,1,1,2,6,3,3,9,0,3
114,12,高雄市,鳳山區,830,124739,0,市立鎮北國小,5,5,4,5,5,4,72,64,60,64,53,61,70,54,56,59,61,36,60,43,14,35,1,3
114,12,高雄市,鳳山區,830,124740,0,市立鳳西國小,6,6,8,9,8,7,85,89,76,79,104,95,120,114,110,108,104,94,111,117,21,58,2,4
114,12,高雄市,永安區,828,124741,2,市立維新國小,1,1,2,1,1,2,15,10,11,10,16,16,15,10,13,10,19,17,20,12,8,11,1,2
114,12,高雄市,鳳山區,830,124742,0,市立文德國小,7,9,9,9,10,9,108,86,126,108,125,118,133,100,142,129,116,127,129,114,24,72,1,6
114,12,高雄市,鳳山區,830,124743,0,市立瑞興國小,6,7,7,9,9,9,90,84,93,87,100,90,118,120,105,109,106,112,100,103,22,60,0,5
114,12,高雄市,仁武區,814,124744,0,市立登發國小,7,7,8,7,8,9,73,101,96,87,115,99,105,96,104,124,113,115,115,123,21,60,1,5
114,12,高雄市,岡山區,820,124745,0,市立竹圍國小,8,8,8,8,8,8,115,93,108,110,113,116,121,111,117,115,121,109,117,135,24,59,0,6
114,12,高雄市,大社區,815,124746,0,市立觀音國小,3,3,3,4,4,3,38,33,38,27,43,38,46,45,55,44,46,33,47,53,12,25,1,2
114,12,高雄市,仁武區,814,124747,0,市立竹後國小,1,1,1,1,1,1,6,1,4,3,4,2,8,7,4,9,4,5,6,6,7,4,0,2
114,12,高雄市,鳳山區,830,124748,0,市立正義國小,2,4,2,3,3,2,24,25,40,28,23,30,47,22,36,33,30,28,55,33,11,20,0,4
114,12,高雄市,鳳山區,830,124749,0,市立福誠國小,3,3,4,4,4,4,28,42,45,29,38,52,62,40,48,48,47,47,50,53,9,32,2,2
114,12,高雄市,大寮區,831,124750,0,市立山頂國小,3,3,3,2,3,3,37,38,43,36,39,32,25,26,28,32,31,30,34,22,14,18,1,2
114,12,高雄市,鳳山區,830,124751,0,市立過埤國小,6,6,5,5,6,5,85,88,84,77,74,71,68,76,89,80,81,64,74,70,15,42,1,3
114,12,高雄市,鳳山區,830,124752,0,市立中崙國小,3,2,3,3,3,2,31,29,24,22,38,37,25,35,27,33,25,18,25,37,9,22,1,3
114,12,高雄市,橋頭區,825,124753,0,市立橋頭國小,4,5,4,5,4,5,53,47,60,63,42,62,77,56,50,58,64,59,56,72,13,39,1,3
114,12,高雄市,茄萣區,852,124754,2,市立興達國小,2,2,2,1,1,1,13,14,16,14,15,14,10,16,12,14,14,10,20,10,4,18,1,3
114,12,高雄市,那瑪夏區,849,124755,4,市立那瑪夏區民權國小,1,1,1,1,1,1,3,2,7,8,3,5,1,5,3,5,3,4,11,4,6,7,1,1
114,12,高雄市,大寮區,831,124756,0,市立後庄國小,3,3,3,3,3,4,39,30,39,36,34,45,38,40,36,38,51,39,43,50,10,26,0,4
114,12,高雄市,林園區,832,124757,0,市立王公國小,5,5,5,5,6,4,59,61,65,57,72,57,63,70,69,61,54,48,59,52,13,40,1,3
114,12,高雄市,岡山區,820,124758,0,市立壽天國小,6,6,6,6,7,6,90,64,73,76,93,81,83,84,126,77,91,65,94,85,15,47,0,5
114,12,高雄市,路竹區,821,124760,1,市立蔡文國小,6,6,6,6,6,6,76,74,89,74,92,72,76,91,89,78,73,71,76,71,19,45,0,4
114,12,高雄市,鳳山區,830,124761,0,市立文華國小,6,5,5,5,5,6,70,75,75,70,79,60,70,75,62,83,80,80,83,91,13,40,0,4
114,12,高雄市,鳳山區,830,124762,0,市立鳳翔國小,6,6,6,6,6,6,85,89,80,94,87,87,89,85,92,82,88,83,100,74,17,47,2,3
114,50,高雄市,鹽埕區,803,513601,0,市立鹽埕國小,3,3,3,3,4,4,28,35,32,28,27,31,28,39,23,44,32,24,45,36,14,23,1,3
114,50,高雄市,鹽埕區,803,513602,0,市立鹽埕區忠孝國小,3,3,3,4,3,3,33,34,34,32,35,41,46,52,48,37,34,35,48,38,9,24,0,2
114,50,高雄市,鹽埕區,803,513603,0,市立光榮國小,2,2,2,2,3,2,32,25,21,26,24,30,19,24,32,29,26,24,32,20,6,18,0,3
114,50,高雄市,鼓山區,804,521301,0,私立明誠高中附設國小部,4,4,4,4,4,4,44,36,42,52,55,37,56,40,46,34,56,40,25,44,8,26,0,2
114,50,高雄市,鼓山區,804,521303,0,私立大榮高中附設國小部,5,5,5,5,5,6,57,55,65,64,62,65,67,52,52,67,69,65,69,70,7,45,0,3
114,50,高雄市,鼓山區,804,521401,0,私立中華藝校附設國小部,2,2,2,2,2,1,23,11,10,25,22,21,24,24,26,22,13,11,15,15,4,10,1,1
114,50,高雄市,鼓山區,804,523601,0,市立鼓山區鼓山國小,2,1,2,2,3,3,19,8,9,11,24,13,27,14,26,26,30,18,20,25,4,20,0,5
114,50,高雄市,鼓山區,804,523602,0,市立鼓岩國小,1,1,1,1,2,2,2,5,4,7,2,7,9,6,12,4,16,8,9,4,6,7,1,3
114,50,高雄市,鼓山區,804,523603,0,市立內惟國小,5,5,5,6,7,5,67,65,71,65,71,70,73,84,96,59,72,67,82,84,18,42,0,5
114,50,高雄市,鼓山區,804,523604,0,市立鼓山區中山國小,10,10,10,10,10,10,152,138,141,147,139,151,138,151,155,135,158,132,157,131,26,81,0,5
114,50,高雄市,鼓山區,804,523605,0,市立壽山國小,2,2,2,2,2,2,11,11,17,7,10,10,18,11,14,9,15,11,13,13,6,14,1,1
114,50,高雄市,鼓山區,804,523606,0,市立龍華國小,12,15,14,14,15,14,180,164,228,166,205,203,217,188,207,201,219,184,215,189,28,120,2,8
114,50,高雄市,鼓山區,804,523607,0,市立九如國小,3,2,2,3,3,3,18,21,27,23,23,24,24,36,42,36,35,42,42,33,7,22,0,5
114,50,高雄市,左營區,813,533601,0,市立左營國小,2,3,3,2,2,2,18,13,19,14,28,19,20,16,26,19,17,19,12,17,11,21,0,5
114,50,高雄市,左營區,813,533602,0,市立舊城國小,2,2,2,3,3,2,28,14,18,31,23,22,22,32,35,24,20,19,23,39,14,13,0,4
114,50,高雄市,左營區,813,533603,0,市立新莊國小,6,6,7,9,8,8,92,69,71,83,112,83,118,101,130,89,119,99,115,139,18,63,1,7
114,50,高雄市,左營區,813,533604,0,市立新民國小,5,5,7,6,7,6,64,58,69,59,75,75,72,85,89,96,92,69,112,96,16,47,1,5
114,50,高雄市,左營區,813,533605,0,市立明德國小,1,1,1,1,1,1,10,7,3,2,5,1,2,1,7,4,8,6,6,6,4,7,1,1
114,50,高雄市,左營區,813,533606,0,市立勝利國小,8,8,9,10,10,10,120,102,116,111,140,116,131,138,149,124,141,143,152,127,23,76,1,5
114,50,高雄市,左營區,813,533607,0,市立屏山國小,2,2,2,2,4,3,18,26,17,22,22,26,22,17,29,27,20,15,35,23,7,23,1,3
114,50,高雄市,左營區,813,533608,0,市立永清國小,3,3,3,5,3,3,32,25,32,28,38,33,55,41,43,35,36,39,41,34,7,29,0,4
114,50,高雄市,左營區,813,533609,0,市立新上國小,8,9,9,10,12,11,104,120,122,121,126,131,132,134,167,168,157,161,172,158,21,82,0,6
114,50,高雄市,左營區,813,533610,0,市立福山國小,12,11,13,12,13,11,162,166,160,144,191,170,170,155,195,182,143,174,218,162,17,113,2,6
114,50,高雄市,左營區,813,533611,0,市立文府國小,10,10,12,12,11,10,154,125,152,136,158,165,176,155,169,149,146,130,131,148,25,91,1,6
114,50,高雄市,左營區,813,533612,0,市立新光國小,8,8,9,9,10,11,107,104,112,111,133,123,140,116,146,143,156,137,164,157,18,75,0,6
114,50,高雄市,楠梓區,811,543601,0,市立楠梓國小,11,12,13,12,13,12,173,145,177,155,184,155,175,168,209,140,169,176,168,155,34,94,0,8
114,50,高雄市,楠梓區,811,543602,0,市立後勁國小,4,4,4,5,5,5,56,49,57,59,58,52,59,59,54,45,53,55,54,58,12,36,1,4
114,50,高雄市,楠梓區,811,543603,0,市立援中國小,5,6,6,5,5,5,65,80,87,87,84,89,64,81,69,75,73,71,83,59,13,43,0,4
114,50,高雄市,楠梓區,811,543604,0,市立右昌國小,11,11,11,11,12,12,161,144,157,148,153,150,164,154,195,125,165,164,206,146,33,86,2,6
114,50,高雄市,楠梓區,811,543605,0,市立莒光國小,5,6,6,7,7,6,78,58,78,54,80,84,104,83,85,102,87,73,103,92,19,49,1,4
114,50,高雄市,楠梓區,811,543606,0,市立加昌國小,8,9,9,11,10,10,117,103,141,113,139,116,147,149,141,136,108,146,135,135,19,85,1,6
114,50,高雄市,楠梓區,811,543607,0,市立楠陽國小,9,9,10,10,10,11,128,132,136,113,152,137,147,142,139,125,145,146,155,149,25,79,0,7
114,50,高雄市,楠梓區,811,543608,0,市立翠屏國(中)小,7,7,8,7,6,4,96,90,107,79,112,94,99,80,72,76,62,52,56,51,15,52,0,0
114,50,高雄市,楠梓區,811,543609,0,市立油廠國小,4,4,5,5,6,5,52,47,63,53,76,67,86,57,71,83,64,81,70,79,12,39,1,3
114,50,高雄市,三民區,807,553601,0,市立三民國小,5,4,4,5,4,4,55,55,50,67,46,47,63,60,65,48,56,53,52,59,17,30,2,3
114,50,高雄市,三民區,807,553602,0,市立鼎金國小,5,4,4,4,4,4,45,45,50,38,55,53,58,45,56,42,61,51,68,54,15,32,1,4
114,50,高雄市,三民區,807,553603,0,市立愛國國小,3,3,3,3,3,2,40,19,31,29,30,29,32,31,33,27,29,28,34,35,11,31,1,3
114,50,高雄市,三民區,807,553604,0,市立十全國小,4,4,5,5,6,6,54,43,58,43,66,62,69,66,91,60,89,59,79,87,15,43,0,5
114,50,高雄市,三民區,807,553605,0,市立正興國小,6,5,6,6,7,7,66,60,72,67,76,79,90,82,98,91,102,89,96,87,14,56,2,4
114,50,高雄市,三民區,807,553606,0,市立博愛國小,4,6,5,6,6,6,63,64,79,78,72,68,87,81,80,73,71,68,82,76,14,55,0,6
114,50,高雄市,三民區,807,553607,0,市立獅湖國小,7,7,8,9,10,10,83,91,108,82,126,108,118,108,139,121,143,110,139,128,20,70,2,6
114,50,高雄市,三民區,807,553608,0,市立三民區民族國小,8,8,8,10,10,9,115,102,114,92,107,111,136,114,143,127,113,109,139,132,24,73,2,5
114,50,高雄市,三民區,807,553609,0,市立莊敬國小,8,7,8,8,8,7,91,85,100,72,104,111,116,87,113,106,96,88,112,102,19,62,1,6
114,50,高雄市,三民區,807,553610,0,市立光武國小,7,7,7,9,9,8,106,72,88,103,104,90,117,115,124,106,121,88,113,123,21,63,2,4
114,50,高雄市,三民區,807,553611,0,市立東光國小,11,12,13,14,13,12,146,152,175,168,185,169,201,200,188,166,168,168,173,156,28,107,1,8
114,50,高雄市,三民區,807,553612,0,市立河濱國小,2,2,2,2,2,2,18,12,22,21,20,13,26,21,23,23,29,22,23,31,8,22,1,4
114,50,高雄市,三民區,807,553613,0,市立陽明國小,10,10,12,13,14,13,156,121,157,131,162,160,183,189,201,195,170,184,165,184,28,101,2,7
114,50,高雄市,三民區,807,553614,0,市立河堤國小,4,4,4,6,4,4,58,58,64,52,58,58,91,74,59,57,58,57,58,53,14,33,1,3
114,50,高雄市,新興區,800,563601,0,市立新興區新興國小,3,2,2,2,2,2,15,16,19,18,23,14,22,13,17,21,25,23,26,25,7,17,1,3
114,50,高雄市,新興區,800,563602,0,市立大同國小,2,3,2,3,2,2,14,11,29,23,25,19,39,27,26,24,21,11,24,27,8,21,1,4
114,50,高雄市,新興區,800,563603,0,市立信義國小,7,8,8,9,9,9,89,93,115,111,106,108,124,112,130,105,132,120,117,141,23,73,1,6
114,50,高雄市,新興區,800,563604,0,市立七賢國小,3,4,4,4,5,4,33,34,47,37,51,37,50,47,54,57,38,57,55,48,9,35,1,3
114,50,高雄市,前金區,801,573601,0,市立前金國小,4,4,7,6,8,7,42,58,53,60,59,52,71,45,80,72,61,66,87,81,21,49,1,4
114,50,高雄市,前金區,801,573602,0,市立建國國小,1,2,2,2,2,2,12,8,20,14,12,16,29,13,13,17,10,21,5,7,6,15,0,3
114,50,高雄市,苓雅區,802,580301,0,國立高師附中附設國小部,1,1,1,1,1,1,18,11,13,12,13,16,13,16,15,16,10,18,14,15,2,9,0,0
114,50,高雄市,苓雅區,802,581301,0,私立復華高中附設國小部,2,2,2,2,2,0,20,32,22,30,23,29,21,27,32,24,0,0,0,0,1,18,0,1
114,50,高雄市,苓雅區,802,583601,0,市立苓洲國小,5,5,5,6,6,5,56,69,69,60,72,67,84,70,71,89,48,72,87,69,18,43,0,6
114,50,高雄市,苓雅區,802,583602,0,市立苓雅區成功國小,1,2,2,2,2,1,10,8,13,11,17,14,16,20,19,15,14,14,12,24,4,14,0,2
114,50,高雄市,苓雅區,802,583603,0,市立五權國小,3,3,4,3,3,3,27,31,26,40,36,41,35,40,42,31,43,40,36,42,8,32,1,3
114,50,高雄市,苓雅區,802,583604,0,市立凱旋國小,2,3,4,4,4,4,27,21,29,28,36,33,39,34,50,38,46,34,43,51,6,34,0,4
114,50,高雄市,苓雅區,802,583605,0,市立四維國小,13,12,14,14,15,15,186,163,168,169,214,179,192,203,224,173,221,176,196,204,41,107,2,7
114,50,高雄市,苓雅區,802,583606,0,市立福東國小,3,3,4,5,4,4,41,41,40,45,49,47,54,45,57,56,49,49,34,46,10,36,2,3
114,50,高雄市,苓雅區,802,583607,0,市立苓雅區中正國小,7,8,10,10,12,10,94,88,96,120,107,134,127,134,160,144,123,103,138,145,21,82,1,7
114,50,高雄市,苓雅區,802,583608,0,市立福康國小,3,3,4,3,3,3,28,38,32,31,39,28,45,36,29,43,45,38,39,28,12,22,1,4
114,50,高雄市,前鎮區,806,593601,0,市立前鎮國小,1,1,1,1,1,2,9,11,10,9,15,12,15,12,14,13,12,15,16,8,2,12,1,2
114,50,高雄市,前鎮區,806,593602,0,市立獅甲國小,3,2,3,2,3,2,28,20,18,24,35,22,30,21,31,19,28,18,21,22,7,22,1,4
114,50,高雄市,前鎮區,806,593603,0,市立仁愛國小,1,1,1,1,2,3,7,13,12,10,15,6,13,13,13,16,17,17,12,20,4,14,0,4
114,50,高雄市,前鎮區,806,593604,0,市立樂群國小,4,5,5,4,5,5,46,55,46,49,66,59,59,55,66,58,65,50,56,65,12,41,1,2
114,50,高雄市,前鎮區,806,593605,0,市立愛群國小,3,3,3,3,3,3,45,27,48,33,52,30,39,41,50,40,32,48,46,30,6,26,0,4
114,50,高雄市,前鎮區,806,593606,0,市立復興國小,2,2,3,3,4,3,34,18,25,25,39,35,45,32,52,30,46,21,60,45,12,23,0,4
114,50,高雄市,前鎮區,806,593607,0,市立瑞豐國小,8,7,8,8,8,8,110,87,99,84,111,98,120,101,119,107,99,83,108,103,16,70,0,6
114,50,高雄市,前鎮區,806,593608,0,市立明正國小,2,2,2,2,2,2,29,25,27,15,18,35,24,27,19,23,25,23,20,21,9,15,0,5
114,50,高雄市,前鎮區,806,593609,0,市立光華國小,4,4,4,5,5,5,44,39,57,46,58,53,73,55,64,54,69,70,65,60,7,42,1,4
114,50,高雄市,前鎮區,806,593610,0,市立瑞祥國小,7,7,9,8,11,10,93,86,107,95,123,112,109,104,146,146,149,118,158,132,16,74,0,8
114,50,高雄市,前鎮區,806,593611,0,市立鎮昌國小,4,4,4,5,4,5,54,33,51,55,51,48,68,60,57,53,56,67,72,60,18,29,2,3
114,50,高雄市,前鎮區,806,593612,0,市立佛公國小,3,2,3,3,3,3,33,32,25,34,38,44,39,39,33,38,41,33,34,29,7,25,1,4
114,50,高雄市,前鎮區,806,593613,0,市立前鎮區民權國小,8,8,8,8,8,8,104,105,116,83,117,91,120,112,108,117,117,99,120,108,20,62,1,4
114,50,高雄市,前鎮區,806,593614,0,市立紅毛港國小,3,3,3,3,4,4,27,36,29,32,34,32,44,30,46,48,47,39,56,40,9,29,0,3
114,50,高雄市,旗津區,805,603601,0,市立旗津國小,2,2,3,3,3,3,21,26,25,20,28,28,32,42,39,28,42,30,34,40,12,19,1,4
114,50,高雄市,旗津區,805,603602,0,市立大汕國小,1,1,1,1,1,1,6,1,4,2,3,5,5,3,7,4,6,2,9,5,2,9,0,2
114,50,高雄市,旗津區,805,603603,0,市立中洲國小,2,2,2,2,3,2,16,21,21,21,17,12,23,20,21,23,24,21,20,21,11,13,1,3
114,50,高雄市,小港區,812,613601,0,市立小港國小,4,6,5,5,5,6,51,53,62,54,90,52,64,76,60,73,70,72,76,70,18,41,1,5
114,50,高雄市,小港區,812,613602,0,市立鳳林國小,1,3,2,2,2,1,10,8,14,10,15,14,16,17,13,19,12,12,24,14,6,16,1,3
114,50,高雄市,小港區,812,613604,0,市立青山國小,3,3,3,3,3,4,30,34,33,31,38,24,37,33,39,42,45,42,39,47,9,26,0,4
114,50,高雄市,小港區,812,613605,0,市立太平國小,3,3,3,3,3,3,32,27,32,32,38,45,39,33,42,34,44,20,46,39,12,20,1,3
114,50,高雄市,小港區,812,613606,0,市立鳳鳴國小,1,1,1,1,1,1,9,4,8,3,4,6,5,5,9,3,5,6,8,10,2,9,1,1
114,50,高雄市,小港區,812,613607,0,市立坪頂國小,2,2,2,2,2,2,18,20,22,23,20,21,18,20,21,24,25,26,28,20,8,13,1,3
114,50,高雄市,小港區,812,613608,0,市立二苓國小,3,3,3,4,3,4,24,47,36,43,44,38,46,43,46,41,46,41,48,33,14,23,1,4
114,50,高雄市,小港區,812,613609,0,市立桂林國小,7,7,9,8,8,9,95,90,89,86,123,114,96,116,126,90,115,111,108,95,16,70,0,6
114,50,高雄市,小港區,812,613610,0,市立漢民國小,8,8,7,9,9,9,116,87,114,91,99,82,121,124,114,117,132,129,118,148,26,61,2,5
114,50,高雄市,小港區,812,613611,0,市立華山國小,3,3,3,3,4,3,41,33,37,32,33,36,42,35,36,49,46,34,45,40,9,26,2,2
114,50,高雄市,小港區,812,613612,0,市立港和國小,3,3,4,4,4,4,39,41,49,32,48,55,49,51,45,49,46,48,44,45,8,32,1,3
114,50,高雄市,小港區,812,613613,0,市立鳳陽國小,4,4,5,4,4,4,52,40,60,50,55,63,52,55,41,53,49,58,56,70,10,35,0,4
114,50,高雄市,小港區,812,613614,0,市立明義國小,4,3,3,5,3,3,42,44,38,48,48,31,58,58,49,37,42,44,52,56,7,33,1,3
